-- INSERT DATA INTO MEALS TABLE

INSERT INTO meals (name)
VALUES 
('Colazione'),
('Pranzo'),
('Cena'),
('Spuntini');

-- INSERT USER'S CREDENTIALS

INSERT INTO users (username, user_password)
VALUES 
('valeriocaselli48@gmail.com', 'password')

--  INSERT SOME RANDOM FOODS

INSERT INTO food_values (food_id, calories, proteins, carbs, sugars, fats, saturated_fats) 
VALUES
(1, 52, 0.3, 14, 10, 0.2, 0),    -- Mela
(2, 96, 1.3, 23, 12, 0.3, 0.1), -- Banana
(3, 131, 5, 25, 1, 1.1, 0.2),   -- Pasta
(4, 165, 31, 0, 0, 3.6, 1),     -- Petto di pollo
(5, 546, 7.8, 61, 47, 31, 19),  -- Cioccolato fondente
(6, 265, 9, 49, 5, 3.2, 0.7),   -- Pane
(7, 130, 2.7, 28, 0, 0.3, 0.1), -- Riso bianco
(8, 60, 3.3, 4.8, 4.8, 3.2, 1.9), -- Latte intero
(9, 59, 10, 3.6, 3.2, 0.4, 0.1), -- Yogurt naturale
(10, 280, 28, 3, 1, 17, 12),    -- Mozzarella
(11, 155, 13, 1.1, 1.1, 10, 3.3), -- Uovo sodo
(12, 208, 20, 0, 0, 13, 2.5),   -- Salmone
(13, 77, 2, 17, 0.8, 0.1, 0),   -- Patate
(14, 23, 2.9, 3.6, 0.4, 0.4, 0.1), -- Spinaci
(15, 41, 0.9, 10, 4.7, 0.2, 0), -- Carote
(16, 91, 8, 15, 1.4, 0.5, 0.1), -- Fagioli neri
(17, 576, 21, 22, 3.9, 49, 3.8), -- Mandorle
(18, 654, 15, 14, 2.6, 65, 6.1), -- Noci
(19, 884, 0, 0, 0, 100, 14),    -- Olio d'oliva
(20, 17, 1.2, 3.1, 2.5, 0.3, 0.1); -- Zucchine

--INSERT FOOD VALUES

INSERT INTO foods (name) VALUES
('Mela'),
('Banana'),
('Pasta'),
('Petto di pollo'),
('Cioccolato fondente'),
('Pane'),
('Riso bianco'),
('Latte intero'),
('Yogurt naturale'),
('Mozzarella'),
('Uovo sodo'),
('Salmone'),
('Patate'),
('Spinaci'),
('Carote'),
('Fagioli neri'),
('Mandorle'),
('Noci'),
('Olio oliva'),
('Zucchine')

-- INSERT SOME RANDOM DATA FOR LAST DAYS

INSERT INTO meal_entries (food_id, quantity, meal_id, date) VALUES
(1, 200, 1, '2025-01-26'), (2, 150, 1, '2025-01-26'), (3, 100, 1, '2025-01-26'),
(4, 300, 2, '2025-01-26'), (5, 250, 2, '2025-01-26'), (6, 200, 2, '2025-01-26'),
(7, 400, 3, '2025-01-26'), (8, 350, 3, '2025-01-26'), (9, 300, 3, '2025-01-26'),
(10, 150, 4, '2025-01-26'), (11, 100, 4, '2025-01-26'),
(2, 180, 1, '2025-01-25'), (3, 150, 1, '2025-01-25'), (4, 120, 1, '2025-01-25'),
(5, 250, 2, '2025-01-25'), (6, 200, 2, '2025-01-25'), (7, 300, 2, '2025-01-25'),
(8, 450, 3, '2025-01-25'), (9, 400, 3, '2025-01-25'), (10, 350, 3, '2025-01-25'),
(11, 200, 4, '2025-01-25'), (12, 150, 4, '2025-01-25'),
(3, 200, 1, '2025-01-24'), (4, 150, 1, '2025-01-24'), (5, 120, 1, '2025-01-24'),
(6, 300, 2, '2025-01-24'), (7, 250, 2, '2025-01-24'), (8, 200, 2, '2025-01-24'),
(9, 350, 3, '2025-01-24'), (10, 300, 3, '2025-01-24'), (11, 250, 3, '2025-01-24'),
(12, 100, 4, '2025-01-24'), (13, 120, 4, '2025-01-24'),
(1, 180, 1, '2025-01-23'), (2, 150, 1, '2025-01-23'), (3, 130, 1, '2025-01-23'),
(4, 250, 2, '2025-01-23'), (5, 200, 2, '2025-01-23'), (6, 150, 2, '2025-01-23'),
(7, 400, 3, '2025-01-23'), (8, 350, 3, '2025-01-23'), (9, 300, 3, '2025-01-23'),
(10, 150, 4, '2025-01-23'), (11, 100, 4, '2025-01-23'),
(5, 190, 1, '2025-01-22'), (6, 160, 1, '2025-01-22'), (7, 140, 1, '2025-01-22'),
(8, 350, 2, '2025-01-22'), (9, 300, 2, '2025-01-22'), (10, 250, 2, '2025-01-22'),
(11, 450, 3, '2025-01-22'), (12, 400, 3, '2025-01-22'), (13, 350, 3, '2025-01-22'),
(1, 200, 4, '2025-01-22'), (2, 150, 4, '2025-01-22'),
(8, 170, 1, '2025-01-21'), (9, 150, 1, '2025-01-21'), (10, 130, 1, '2025-01-21'),
(11, 300, 2, '2025-01-21'), (12, 250, 2, '2025-01-21'), (13, 200, 2, '2025-01-21'),
(1, 400, 3, '2025-01-21'), (2, 350, 3, '2025-01-21'), (3, 300, 3, '2025-01-21'),
(4, 150, 4, '2025-01-21'), (5, 120, 4, '2025-01-21'), (1, 200, 1, '2025-01-27'); 

















